{
	"credit": "Made with Blockbench",
	"parent": "block/cube",
	"textures": {
		"2": "block/iron_block",
		"3": "block/glass_2"
	},
	"elements": [
		{
			"from": [0, 0, 0],
			"to": [16, 1, 16],
			"faces": {
				"north": {"uv": [0, 0, 16, 1], "texture": "#2"},
				"east": {"uv": [0, 0, 16, 1], "texture": "#2"},
				"south": {"uv": [0, 0, 16, 1], "texture": "#2"},
				"west": {"uv": [0, 0, 16, 1], "texture": "#2"},
				"up": {"uv": [0, 0, 16, 16], "texture": "#2"},
				"down": {"uv": [0, 0, 16, 16], "texture": "#2"}
			}
		},
		{
			"from": [0, 15, 0],
			"to": [16, 16, 16],
			"faces": {
				"north": {"uv": [0, 0, 16, 1], "texture": "#2"},
				"east": {"uv": [0, 0, 16, 1], "texture": "#2"},
				"south": {"uv": [0, 0, 16, 1], "texture": "#2"},
				"west": {"uv": [0, 0, 16, 1], "texture": "#2"},
				"up": {"uv": [0, 0, 16, 16], "texture": "#2"},
				"down": {"uv": [0, 0, 16, 16], "texture": "#2"}
			}
		},
		{
			"from": [0, 1, -0.001],
			"to": [1, 15, 15.999],
			"faces": {
				"north": {"uv": [0, 1, 1, 15], "texture": "#3"},
				"east": {"uv": [0, 0, 16, 14], "texture": "#3"},
				"south": {"uv": [0, 0, 1, 14], "texture": "#3"},
				"west": {"uv": [0, 1, 16, 15], "texture": "#3"},
				"up": {"uv": [0, 0, 1, 16], "texture": "#3"},
				"down": {"uv": [0, 0, 1, 16], "texture": "#3"}
			}
		},
		{
			"from": [15, 1, 0.001],
			"to": [16, 15, 16.002],
			"faces": {
				"north": {"uv": [0, 1, 1, 15], "texture": "#3"},
				"east": {"uv": [0, 1, 16, 15], "texture": "#3"},
				"south": {"uv": [0, 0, 1, 14], "texture": "#3"},
				"west": {"uv": [0, 1, 16, 15], "texture": "#3"},
				"up": {"uv": [0, 0, 1, 16], "texture": "#3"},
				"down": {"uv": [0, 0, 1, 16], "texture": "#3"}
			}
		},
		{
			"from": [0.001, 1, 15],
			"to": [16.002, 15, 16],
			"faces": {
				"north": {"uv": [1, 1, 15, 15], "texture": "#3"},
				"east": {"uv": [0, 1, 1, 15], "texture": "#3"},
				"south": {"uv": [0, 1, 16, 15], "texture": "#3"},
				"west": {"uv": [0, 1, 1, 15], "texture": "#3"},
				"up": {"uv": [1, 0, 15, 1], "texture": "#3"},
				"down": {"uv": [1, 0, 15.001, 1], "texture": "#3"}
			}
		},
		{
			"from": [0.001, 1, 0],
			"to": [16.002, 15, 1],
			"faces": {
				"north": {"uv": [0, 1, 16, 15], "texture": "#3"},
				"east": {"uv": [0, 1, 1, 15], "texture": "#3"},
				"south": {"uv": [1, 1, 15, 15], "texture": "#3"},
				"west": {"uv": [0, 1, 1, 15], "texture": "#3"},
				"up": {"uv": [1, 0, 15, 1], "texture": "#3"},
				"down": {"uv": [1, 0, 15, 1], "texture": "#3"}
			}
		}
	],
	"display": {
		"fixed": {
			"rotation": [-90, 0, 0],
			"translation": [0, 0, -16],
			"scale": [2.001, 2.001, 2.001]
		}
	}
}